instance_name,instance_size,solver,total_distance,total_time,num_vehicles,feasible_solution
cvrp-0-df-107,1102,kmeans_greedy,2700.4518,7.009897550102323,35,True
cvrp-0-df-95,998,kmeans_greedy,2596.8294,6.305853551020846,32,True
cvrp-0-df-100,1085,kmeans_greedy,2727.7442,6.674425587058067,34,True
cvrp-0-df-114,1041,kmeans_greedy,2668.6408,6.607874893117696,32,True
cvrp-0-df-109,1033,kmeans_greedy,2476.2243,6.425306739052758,32,True
cvrp-0-df-112,954,kmeans_greedy,2415.9251,6.057352863950655,30,True
cvrp-0-df-117,778,kmeans_greedy,2141.4018,4.787548821885139,25,True
cvrp-0-df-97,834,kmeans_greedy,2114.9722,5.141391804907471,25,True
cvrp-0-df-104,938,kmeans_greedy,2364.621,5.784755288157612,30,True
cvrp-0-df-110,1158,kmeans_greedy,2800.8281,7.146041400032118,36,True
cvrp-0-df-116,915,kmeans_greedy,2385.0965,5.682125105988234,29,True
cvrp-0-df-111,979,kmeans_greedy,2551.6012,6.17205682490021,31,True
cvrp-0-df-119,841,kmeans_greedy,2164.9928,5.323247252032161,26,True
cvrp-0-df-101,995,kmeans_greedy,2430.996,6.33165368787013,31,True
cvrp-0-df-108,1002,kmeans_greedy,2439.6525,6.220544670009986,31,True
cvrp-0-df-105,779,kmeans_greedy,1963.4073,4.786811741767451,24,True
cvrp-0-df-93,779,kmeans_greedy,1790.467,4.8692319500260055,24,True
cvrp-0-df-103,1153,kmeans_greedy,2693.5705,7.4417981640435755,36,True
cvrp-0-df-115,973,kmeans_greedy,2385.1779,5.915278070839122,30,True
cvrp-0-df-91,793,kmeans_greedy,2164.8286,5.099842288997024,25,True
cvrp-0-df-102,1030,kmeans_greedy,2489.725,6.638772096950561,33,True
cvrp-0-df-113,900,kmeans_greedy,2131.6531,5.572337489807978,27,True
cvrp-0-df-94,851,kmeans_greedy,2324.1265,5.433077309047803,27,True
cvrp-0-df-96,995,kmeans_greedy,2423.5575,6.235164429992437,30,True
cvrp-0-df-90,986,kmeans_greedy,2306.922,6.082749688997865,30,True
cvrp-0-df-98,788,kmeans_greedy,2110.6456,4.9318747508805245,25,True
cvrp-0-df-92,871,kmeans_greedy,2162.6949,5.540127923944965,27,True
cvrp-0-df-99,815,kmeans_greedy,2129.0263,5.028911224100739,26,True
cvrp-0-df-106,986,kmeans_greedy,2487.9589,6.23410430108197,30,True
cvrp-0-df-118,903,kmeans_greedy,2250.0738,5.657580430852249,28,True
cvrp-0-df-107,1102,qrp_sweep,2619.1834,7.470565331168473,48,True
cvrp-0-df-95,998,qrp_sweep,2539.9733,6.933722712099552,45,True
cvrp-0-df-100,1085,qrp_sweep,2644.6483,7.498062162194401,48,True
cvrp-0-df-114,1041,qrp_sweep,2538.3901,7.480114629957825,46,True
cvrp-0-df-109,1033,qrp_sweep,2302.7682,6.914931367849931,43,True
cvrp-0-df-112,954,qrp_sweep,2498.4917,7.210429493105039,48,True
cvrp-0-df-117,778,qrp_sweep,1957.8186,5.723431661026552,39,True
cvrp-0-df-97,834,qrp_sweep,1974.5579,5.785185816930607,36,True
cvrp-0-df-104,938,qrp_sweep,2375.494,6.566983631113544,44,True
cvrp-0-df-110,1158,qrp_sweep,2611.6784,7.837367231957614,49,True
cvrp-0-df-116,915,qrp_sweep,2188.4832,6.551501428009942,42,True
cvrp-0-df-111,979,qrp_sweep,2383.9935,6.907580741913989,45,True
cvrp-0-df-119,841,qrp_sweep,2137.4077,6.139036877080798,40,True
cvrp-0-df-101,995,qrp_sweep,2259.2598,7.0502437790855765,47,True
cvrp-0-df-108,1002,qrp_sweep,2476.2029,7.130029266001657,45,True
cvrp-0-df-105,779,qrp_sweep,1907.3644,5.449528163066134,36,True
cvrp-0-df-93,779,qrp_sweep,1743.0448,5.657952424837276,36,True
cvrp-0-df-103,1153,qrp_sweep,2517.7015,7.775544666917995,48,True
cvrp-0-df-115,973,qrp_sweep,2263.8015,6.77910092798993,42,True
cvrp-0-df-91,793,qrp_sweep,1969.5296,5.747935217106715,37,True
cvrp-0-df-102,1030,qrp_sweep,2394.4703,7.066917075077072,46,True
cvrp-0-df-113,900,qrp_sweep,2029.003,6.222865285119042,39,True
cvrp-0-df-94,851,qrp_sweep,2228.2542,6.398591067874804,42,True
cvrp-0-df-96,995,qrp_sweep,2438.2684,7.037121820030734,46,True
cvrp-0-df-90,986,qrp_sweep,2264.2191,7.086135726887733,46,True
cvrp-0-df-98,788,qrp_sweep,2020.4181,5.816331557929516,38,True
cvrp-0-df-92,871,qrp_sweep,2101.726,6.422166805015877,41,True
cvrp-0-df-99,815,qrp_sweep,2108.3425,5.686950562056154,39,True
cvrp-0-df-106,986,qrp_sweep,2415.3227,6.88439435698092,45,True
cvrp-0-df-118,903,qrp_sweep,2233.4847,6.2817338888999075,40,True
cvrp-1-df-94,4154,kmeans_greedy,6006.999,27.431245331885293,132,True
cvrp-1-df-114,5095,kmeans_greedy,6932.6578,34.88972193514928,160,True
cvrp-1-df-91,3781,kmeans_greedy,5819.6625,25.6146521770861,119,True
cvrp-1-df-111,5029,kmeans_greedy,7239.3325,33.177324034040794,157,True
cvrp-1-df-118,4391,kmeans_greedy,6196.9906,28.572624473134056,137,True
cvrp-1-df-112,4354,kmeans_greedy,6260.1038,28.207290451042354,137,True
cvrp-1-df-92,4117,kmeans_greedy,6178.7244,27.07047408213839,129,True
cvrp-1-df-105,3688,kmeans_greedy,5646.4718,23.931166702881455,115,True
cvrp-1-df-100,5194,kmeans_greedy,7075.759,34.29502063896507,161,True
cvrp-1-df-115,4720,kmeans_greedy,6593.6751,30.420235975878313,147,True
cvrp-1-df-107,5436,kmeans_greedy,7379.199,35.60607410897501,166,True
cvrp-1-df-97,3879,kmeans_greedy,5716.8343,25.675299305003136,122,True
cvrp-1-df-104,4309,kmeans_greedy,6159.2177,28.0010818450246,135,True
cvrp-1-df-116,4116,kmeans_greedy,6030.0123,123.96486983099021,130,True
cvrp-1-df-109,4888,kmeans_greedy,7142.0373,32.350205689901486,155,True
cvrp-1-df-113,4336,kmeans_greedy,6495.4051,28.69111657096073,135,True
cvrp-1-df-99,3598,kmeans_greedy,5599.4856,23.5176433918532,113,True
cvrp-1-df-90,4512,kmeans_greedy,6544.6171,30.041453579906374,140,True
cvrp-1-df-106,4704,kmeans_greedy,6795.8893,31.41305083804764,146,True
cvrp-1-df-93,3811,kmeans_greedy,5789.9841,25.215197826037183,120,True
cvrp-1-df-101,4683,kmeans_greedy,6547.4181,30.791360195027664,146,True
cvrp-1-df-96,4932,kmeans_greedy,6971.0733,32.42304555699229,155,True
cvrp-1-df-108,4690,kmeans_greedy,6570.6572,31.357521353056654,146,True
cvrp-1-df-102,5041,kmeans_greedy,7098.8824,33.46294913091697,159,True
cvrp-1-df-98,3984,kmeans_greedy,5825.7363,26.455586303956807,125,True
cvrp-1-df-110,5161,kmeans_greedy,7211.581,33.80381639418192,160,True
cvrp-1-df-95,4717,kmeans_greedy,6595.6591,31.05600759689696,147,True
cvrp-1-df-119,4157,kmeans_greedy,6099.2008,27.73148206807673,130,True
cvrp-1-df-103,5456,kmeans_greedy,7341.5528,37.28968895901926,172,True
cvrp-1-df-117,3668,kmeans_greedy,5581.5048,24.246073773130774,115,True
cvrp-1-df-94,4154,qrp_sweep,5501.2329,26.398095909971744,143,True
cvrp-1-df-114,5095,qrp_sweep,6463.9126,32.12245795689523,169,True
cvrp-1-df-91,3781,qrp_sweep,5248.9046,24.131857315078378,131,True
cvrp-1-df-111,5029,qrp_sweep,6554.5215,31.841963696060702,167,True
cvrp-1-df-118,4391,qrp_sweep,5672.2431,27.592958545777947,149,True
cvrp-1-df-112,4354,qrp_sweep,5773.8243,27.700404717121273,148,True
cvrp-1-df-92,4117,qrp_sweep,5409.7856,26.206783399917185,141,True
cvrp-1-df-105,3688,qrp_sweep,5073.3532,23.878984291106462,125,True
cvrp-1-df-100,5194,qrp_sweep,6474.4296,33.72243641898967,171,True
cvrp-1-df-115,4720,qrp_sweep,6157.6867,29.853516644099727,159,True
cvrp-1-df-107,5436,qrp_sweep,6728.6236,34.110835732892156,176,True
cvrp-1-df-97,3879,qrp_sweep,5229.7318,24.876713125035167,133,True
cvrp-1-df-104,4309,qrp_sweep,5678.4026,27.318995230831206,148,True
cvrp-1-df-116,4116,qrp_sweep,5525.5209,25.79825923102908,140,True
cvrp-1-df-109,4888,qrp_sweep,6246.7547,30.863251795992255,164,True
cvrp-1-df-113,4336,qrp_sweep,5730.0258,27.60383443417959,147,True
cvrp-1-df-99,3598,qrp_sweep,4980.6291,23.082313533872366,123,True
cvrp-1-df-90,4512,qrp_sweep,5916.9214,28.58839510497637,152,True
cvrp-1-df-106,4704,qrp_sweep,6120.776,29.65521442098543,155,True
cvrp-1-df-93,3811,qrp_sweep,5139.3661,24.256803435040638,132,True
cvrp-1-df-101,4683,qrp_sweep,5987.0777,30.01835203380324,155,True
cvrp-1-df-96,4932,qrp_sweep,6330.544,32.030236220918596,162,True
cvrp-1-df-108,4690,qrp_sweep,5994.0535,30.00622984394431,156,True
cvrp-1-df-102,5041,qrp_sweep,6485.2573,32.17373604583554,168,True
cvrp-1-df-98,3984,qrp_sweep,5305.7176,25.364972969982773,134,True
cvrp-1-df-110,5161,qrp_sweep,6344.7614,32.59986544097774,173,True
cvrp-1-df-95,4717,qrp_sweep,6058.2536,29.88803172390908,158,True
cvrp-1-df-119,4157,qrp_sweep,5485.7275,26.142940660007298,138,True
cvrp-1-df-103,5456,qrp_sweep,6844.7578,34.222212247084826,181,True
cvrp-1-df-117,3668,qrp_sweep,4899.804,23.84070152998902,128,True
cvrp-2-df-116,3807,kmeans_greedy,6459.8302,24.455648731905967,119,True
cvrp-2-df-102,4724,kmeans_greedy,7535.3507,30.694958908949047,149,True
cvrp-2-df-108,4199,kmeans_greedy,7126.6178,27.87207768089138,133,True
cvrp-2-df-101,4370,kmeans_greedy,6903.9908,28.15163875510916,139,True
cvrp-2-df-104,3891,kmeans_greedy,6328.9247,24.94444220000878,122,True
cvrp-2-df-94,3907,kmeans_greedy,6495.905,25.242467519128695,122,True
cvrp-2-df-119,3662,kmeans_greedy,6291.0098,23.576632249867544,116,True
cvrp-2-df-97,3628,kmeans_greedy,6131.6573,23.588867725804448,115,True
cvrp-2-df-113,4020,kmeans_greedy,6567.6845,25.768037041882053,124,True
cvrp-2-df-100,4723,kmeans_greedy,7494.626,30.11985015589744,150,True
cvrp-2-df-90,4265,kmeans_greedy,7046.3128,27.207362910965458,135,True
cvrp-2-df-91,3437,kmeans_greedy,5837.6623,22.239249609876424,107,True
cvrp-2-df-107,5020,kmeans_greedy,7781.5085,33.047489973017946,156,True
cvrp-2-df-106,4385,kmeans_greedy,7126.2883,28.619467457057908,140,True
cvrp-2-df-117,3283,kmeans_greedy,5903.8584,20.679482423933223,103,True
cvrp-2-df-110,4918,kmeans_greedy,7709.394,31.94341035699472,157,True
cvrp-2-df-99,3385,kmeans_greedy,5964.2424,21.49081668909639,107,True
cvrp-2-df-109,4429,kmeans_greedy,7068.3922,28.729824114125222,141,True
cvrp-2-df-118,3898,kmeans_greedy,6661.3105,25.206405139993876,122,True
cvrp-2-df-112,4041,kmeans_greedy,6603.8302,25.906325815944,127,True
cvrp-2-df-114,4792,kmeans_greedy,7344.8068,30.913198699010536,154,True
cvrp-2-df-98,3702,kmeans_greedy,6264.6918,23.913243416929618,116,True
cvrp-2-df-95,4481,kmeans_greedy,7158.8614,28.353973941877484,142,True
cvrp-2-df-105,3417,kmeans_greedy,6110.9804,22.229251141892746,107,True
cvrp-2-df-111,4633,kmeans_greedy,7637.806,29.585341040976346,145,True
cvrp-2-df-96,4313,kmeans_greedy,7000.6326,28.02007763599977,135,True
cvrp-2-df-103,5007,kmeans_greedy,7604.3341,32.44443283602595,160,True
cvrp-2-df-93,3389,kmeans_greedy,5972.108,22.296623097965494,104,True
cvrp-2-df-115,4208,kmeans_greedy,6829.1513,26.707437796983868,134,True
cvrp-2-df-92,3868,kmeans_greedy,6480.9277,25.129834876861423,122,True
cvrp-2-df-116,3807,qrp_sweep,5400.173,24.17093046894297,129,True
cvrp-2-df-102,4724,qrp_sweep,6744.1906,29.576204418903217,160,True
cvrp-2-df-108,4199,qrp_sweep,6057.3648,25.835979895899072,140,True
cvrp-2-df-101,4370,qrp_sweep,6170.8664,27.22804405912757,147,True
cvrp-2-df-104,3891,qrp_sweep,5542.7981,24.529545108089224,131,True
cvrp-2-df-94,3907,qrp_sweep,5584.995,24.490663693053648,133,True
cvrp-2-df-119,3662,qrp_sweep,5476.1365,22.660912093007937,126,True
cvrp-2-df-97,3628,qrp_sweep,5253.1557,22.17647798312828,121,True
cvrp-2-df-113,4020,qrp_sweep,5840.1143,25.02970132790506,134,True
cvrp-2-df-100,4723,qrp_sweep,6531.9373,29.400084562133998,157,True
cvrp-2-df-90,4265,qrp_sweep,6122.6298,26.536498905858025,145,True
cvrp-2-df-91,3437,qrp_sweep,4998.79,21.27449184912257,118,True
cvrp-2-df-107,5020,qrp_sweep,6858.5542,30.76080482895486,164,True
cvrp-2-df-106,4385,qrp_sweep,6320.9105,114.46957875508815,148,True
cvrp-2-df-117,3283,qrp_sweep,5035.4945,20.527795250993222,112,True
cvrp-2-df-110,4918,qrp_sweep,6799.855,30.729088412132114,166,True
cvrp-2-df-99,3385,qrp_sweep,5145.2535,21.183078178903088,117,True
cvrp-2-df-109,4429,qrp_sweep,6273.9102,27.714743047952652,149,True
cvrp-2-df-118,3898,qrp_sweep,5539.2291,24.1896674700547,131,True
cvrp-2-df-112,4041,qrp_sweep,5719.6642,25.806461798027158,138,True
cvrp-2-df-114,4792,qrp_sweep,6518.3794,29.65111548290588,160,True
cvrp-2-df-98,3702,qrp_sweep,5293.9773,23.090772012947127,124,True
cvrp-2-df-95,4481,qrp_sweep,6441.5641,27.593188049970195,152,True
cvrp-2-df-105,3417,qrp_sweep,5161.493,21.48610848397948,118,True
cvrp-2-df-111,4633,qrp_sweep,6531.7771,28.22961980290711,152,True
cvrp-2-df-96,4313,qrp_sweep,6219.8854,27.05969628202729,148,True
cvrp-2-df-103,5007,qrp_sweep,6786.9143,30.794702185085043,165,True
cvrp-2-df-93,3389,qrp_sweep,5208.4088,90.14146412885748,117,True
cvrp-2-df-115,4208,qrp_sweep,5867.5119,26.238434921950102,142,True
cvrp-2-df-92,3868,qrp_sweep,5720.7461,23.82001700787805,131,True
cvrp-0-pa-108,296,kmeans_greedy,1198.5882,1.9868248021230102,10,True
cvrp-0-pa-105,333,kmeans_greedy,1193.7675,2.169971875147894,11,True
cvrp-0-pa-117,353,kmeans_greedy,1021.857,2.274144534021616,11,True
cvrp-0-pa-92,260,kmeans_greedy,852.1811,1.7334955919068307,9,True
cvrp-0-pa-101,303,kmeans_greedy,1083.0135,1.933466990943998,10,True
cvrp-0-pa-110,278,kmeans_greedy,968.0016,1.8094258508644998,10,True
cvrp-0-pa-114,318,kmeans_greedy,1050.5466,2.0860176619607955,10,True
cvrp-0-pa-99,323,kmeans_greedy,1034.5237,2.1574020381085575,10,True
cvrp-0-pa-102,307,kmeans_greedy,996.1881,2.0473472010344267,10,True
cvrp-0-pa-107,278,kmeans_greedy,963.992,1.8882495381403714,9,True
cvrp-0-pa-91,284,kmeans_greedy,1101.0265,2.0640003671869636,10,True
cvrp-0-pa-112,341,kmeans_greedy,1069.741,2.1739878449589014,11,True
cvrp-0-pa-100,298,kmeans_greedy,1013.0719,1.8569980529136956,9,True
cvrp-0-pa-94,262,kmeans_greedy,985.9382,1.7735072209034115,9,True
cvrp-0-pa-98,317,kmeans_greedy,1067.9551,2.000118251889944,10,True
cvrp-0-pa-104,335,kmeans_greedy,1219.0274,2.1899826880544424,11,True
cvrp-0-pa-111,265,kmeans_greedy,950.9045,1.6954151308164,9,True
cvrp-0-pa-118,321,kmeans_greedy,1051.1472,2.0551170450635254,10,True
cvrp-0-pa-109,288,kmeans_greedy,852.3481,1.848114303080365,9,True
cvrp-0-pa-93,241,kmeans_greedy,875.7746,1.620744553161785,8,True
cvrp-0-pa-97,331,kmeans_greedy,991.2612,2.3258227680344135,11,True
cvrp-0-pa-115,328,kmeans_greedy,967.4577,2.2987923892214894,11,True
cvrp-0-pa-113,283,kmeans_greedy,983.9975,1.8671591009479016,10,True
cvrp-0-pa-96,301,kmeans_greedy,1132.2017,2.07887194189243,10,True
cvrp-0-pa-103,316,kmeans_greedy,1001.5482,2.035615217871964,10,True
cvrp-0-pa-90,297,kmeans_greedy,948.8186,1.928625546162948,10,True
cvrp-0-pa-119,292,kmeans_greedy,1031.1002,1.9499396670144051,10,True
cvrp-0-pa-106,323,kmeans_greedy,925.6899,2.038405396975577,10,True
cvrp-0-pa-116,223,kmeans_greedy,955.3622,1.4505993050988764,7,True
cvrp-0-pa-95,318,kmeans_greedy,1095.2302,2.0088172319810838,10,True
cvrp-0-pa-108,296,qrp_sweep,1113.3289,2.812675639986992,24,True
cvrp-0-pa-105,333,qrp_sweep,1242.6114,2.90148711996153,24,True
cvrp-0-pa-117,353,qrp_sweep,1144.7286,2.956675370922312,24,True
cvrp-0-pa-92,260,qrp_sweep,1078.6091,2.739229922182858,24,True
cvrp-0-pa-101,303,qrp_sweep,1089.978,2.8297320720739663,24,True
cvrp-0-pa-110,278,qrp_sweep,1052.8828,2.7996531180106103,24,True
cvrp-0-pa-114,318,qrp_sweep,1130.6482,2.88638074696064,24,True
cvrp-0-pa-99,323,qrp_sweep,1168.2579,2.8776765030343086,24,True
cvrp-0-pa-102,307,qrp_sweep,993.9246,2.8213079560082406,24,True
cvrp-0-pa-107,278,qrp_sweep,1112.2421,2.7788166410755366,24,True
cvrp-0-pa-91,284,qrp_sweep,1105.6081,2.793589553097263,24,True
cvrp-0-pa-112,341,qrp_sweep,1110.6786,2.9219982740469277,24,True
cvrp-0-pa-100,298,qrp_sweep,1097.284,2.819878332084045,24,True
cvrp-0-pa-94,262,qrp_sweep,1199.1074,2.7595891091041267,24,True
cvrp-0-pa-98,317,qrp_sweep,1156.0827,2.854294503107667,24,True
cvrp-0-pa-104,335,qrp_sweep,1205.6065,2.8883558420930058,24,True
cvrp-0-pa-111,265,qrp_sweep,1112.059,2.7480732770636678,25,True
cvrp-0-pa-118,321,qrp_sweep,1130.8698,2.9061723770573735,25,True
cvrp-0-pa-109,288,qrp_sweep,1005.4388,2.810589444823563,24,True
cvrp-0-pa-93,241,qrp_sweep,1056.1537,2.702301386045292,24,True
cvrp-0-pa-97,331,qrp_sweep,1043.0544,2.922577739926055,24,True
cvrp-0-pa-115,328,qrp_sweep,1010.1559,2.8855459408368915,24,True
cvrp-0-pa-113,283,qrp_sweep,1046.4749,2.7878501208033413,25,True
cvrp-0-pa-96,301,qrp_sweep,1303.2249,2.829451157944277,24,True
cvrp-0-pa-103,316,qrp_sweep,995.8293,2.8619484999217093,24,True
cvrp-0-pa-90,297,qrp_sweep,1068.0233,2.8296273548621684,24,True
cvrp-0-pa-119,292,qrp_sweep,1128.8199,2.821765740867704,24,True
cvrp-0-pa-106,323,qrp_sweep,1090.3355,2.878328684018925,24,True
cvrp-0-pa-116,223,qrp_sweep,1224.6978,2.681261443067342,24,True
cvrp-0-pa-95,318,qrp_sweep,1277.2571,2.868792205117643,24,True
cvrp-1-pa-104,4386,kmeans_greedy,,,-2,-2
cvrp-1-pa-102,4451,kmeans_greedy,,,-2,-2
cvrp-1-pa-109,3985,kmeans_greedy,,,-2,-2
cvrp-1-pa-106,4482,kmeans_greedy,,,-2,-2
cvrp-1-pa-94,3616,kmeans_greedy,,,-2,-2
cvrp-1-pa-90,4165,kmeans_greedy,,,-2,-2
cvrp-1-pa-97,4294,kmeans_greedy,,,-2,-2
cvrp-1-pa-91,3903,kmeans_greedy,,,-2,-2
cvrp-1-pa-100,4228,kmeans_greedy,,,-2,-2
cvrp-1-pa-101,4119,kmeans_greedy,,,-2,-2
cvrp-1-pa-99,4386,kmeans_greedy,,,-2,-2
cvrp-1-pa-115,4831,kmeans_greedy,,,-2,-2
cvrp-1-pa-119,4381,kmeans_greedy,,,-2,-2
cvrp-1-pa-98,3876,kmeans_greedy,,,-2,-2
cvrp-1-pa-92,3378,kmeans_greedy,,,-2,-2
cvrp-1-pa-112,5090,kmeans_greedy,,,-2,-2
cvrp-1-pa-93,3516,kmeans_greedy,,,-2,-2
cvrp-1-pa-111,3662,kmeans_greedy,,,-2,-2
cvrp-1-pa-117,4900,kmeans_greedy,,,-2,-2
cvrp-1-pa-103,5108,kmeans_greedy,,,-2,-2
cvrp-1-pa-108,4049,kmeans_greedy,,,-2,-2
cvrp-1-pa-113,3831,kmeans_greedy,,,-2,-2
cvrp-1-pa-95,4010,kmeans_greedy,,,-2,-2
cvrp-1-pa-107,4230,kmeans_greedy,,,-2,-2
cvrp-1-pa-96,4217,kmeans_greedy,,,-2,-2
cvrp-1-pa-116,3500,kmeans_greedy,,,-2,-2
cvrp-1-pa-105,4905,kmeans_greedy,,,-2,-2
cvrp-1-pa-114,4565,kmeans_greedy,,,-2,-2
cvrp-1-pa-118,4705,kmeans_greedy,,,-2,-2
cvrp-1-pa-110,4185,kmeans_greedy,,,-2,-2
cvrp-1-pa-104,4386,qrp_sweep,,,-2,-2
cvrp-1-pa-102,4451,qrp_sweep,,,-2,-2
cvrp-1-pa-109,3985,qrp_sweep,,,-2,-2
cvrp-1-pa-106,4482,qrp_sweep,,,-2,-2
cvrp-1-pa-94,3616,qrp_sweep,,,-2,-2
cvrp-1-pa-90,4165,qrp_sweep,,,-2,-2
cvrp-1-pa-97,4294,qrp_sweep,,,-2,-2
cvrp-1-pa-91,3903,qrp_sweep,,,-2,-2
cvrp-1-pa-100,4228,qrp_sweep,,,-2,-2
cvrp-1-pa-101,4119,qrp_sweep,,,-2,-2
cvrp-1-pa-99,4386,qrp_sweep,,,-2,-2
cvrp-1-pa-115,4831,qrp_sweep,,,-2,-2
cvrp-1-pa-119,4381,qrp_sweep,,,-2,-2
cvrp-1-pa-98,3876,qrp_sweep,,,-2,-2
cvrp-1-pa-92,3378,qrp_sweep,,,-2,-2
cvrp-1-pa-112,5090,qrp_sweep,,,-2,-2
cvrp-1-pa-93,3516,qrp_sweep,,,-2,-2
cvrp-1-pa-111,3662,qrp_sweep,,,-2,-2
cvrp-1-pa-117,4900,qrp_sweep,,,-2,-2
cvrp-1-pa-103,5108,qrp_sweep,,,-2,-2
cvrp-1-pa-108,4049,qrp_sweep,,,-2,-2
cvrp-1-pa-113,3831,qrp_sweep,,,-2,-2
cvrp-1-pa-95,4010,qrp_sweep,,,-2,-2
cvrp-1-pa-107,4230,qrp_sweep,,,-2,-2
cvrp-1-pa-96,4217,qrp_sweep,,,-2,-2
cvrp-1-pa-116,3500,qrp_sweep,,,-2,-2
cvrp-1-pa-105,4905,qrp_sweep,,,-2,-2
cvrp-1-pa-114,4565,qrp_sweep,,,-2,-2
cvrp-1-pa-118,4705,qrp_sweep,,,-2,-2
cvrp-1-pa-110,4185,qrp_sweep,,,-2,-2
cvrp-0-rj-116,3886,kmeans_greedy,5983.4631,25.650764079065993,121,True
cvrp-0-rj-96,4234,kmeans_greedy,6350.7518,27.578081840183586,132,True
cvrp-0-rj-95,3486,kmeans_greedy,5400.4143,22.721831975970417,109,True
cvrp-0-rj-115,4571,kmeans_greedy,6966.3209,30.298682993045077,141,True
cvrp-0-rj-105,4643,kmeans_greedy,6831.2496,30.784232957987115,144,True
cvrp-0-rj-103,4666,kmeans_greedy,7108.6858,30.920715627958998,146,True
cvrp-0-rj-102,3725,kmeans_greedy,5686.985,24.438280330970883,116,True
cvrp-0-rj-97,3601,kmeans_greedy,5622.262,23.56209137989208,113,True
cvrp-0-rj-93,4359,kmeans_greedy,6558.244,28.844372445950285,133,True
cvrp-0-rj-94,4046,kmeans_greedy,6047.1001,27.00207559694536,125,True
cvrp-0-rj-111,4428,kmeans_greedy,6682.2103,29.250341531122103,136,True
cvrp-0-rj-107,3718,kmeans_greedy,5652.3131,24.197127213003114,116,True
cvrp-0-rj-100,4223,kmeans_greedy,6357.155,27.815145773114637,130,True
cvrp-0-rj-108,3872,kmeans_greedy,5890.6246,25.49876791308634,119,True
cvrp-0-rj-106,4211,kmeans_greedy,6156.4504,27.383545374963433,129,True
cvrp-0-rj-90,4273,kmeans_greedy,6531.9272,28.51927938289009,132,True
cvrp-0-rj-92,4436,kmeans_greedy,6733.1736,29.171545882942155,138,True
cvrp-0-rj-99,4642,kmeans_greedy,6880.5664,30.89411538094282,143,True
cvrp-0-rj-117,4486,kmeans_greedy,6636.0362,29.617736900923774,140,True
cvrp-0-rj-104,3440,kmeans_greedy,5335.7542,22.417066877009347,107,True
cvrp-0-rj-118,4617,kmeans_greedy,6950.3127,30.639971939846873,146,True
cvrp-0-rj-98,4350,kmeans_greedy,6556.405,28.2066179739777,138,True
cvrp-0-rj-109,4005,kmeans_greedy,5927.0697,26.114877938991413,126,True
cvrp-0-rj-119,4126,kmeans_greedy,6144.1172,111.968215262983,129,True
cvrp-0-rj-101,3564,kmeans_greedy,5579.9088,23.057454083114862,111,True
cvrp-0-rj-112,4179,kmeans_greedy,6299.0999,27.333980387076735,129,True
cvrp-0-rj-91,4493,kmeans_greedy,6694.0105,29.866491723107174,140,True
cvrp-0-rj-110,3641,kmeans_greedy,5623.0425,23.752871310105547,116,True
cvrp-0-rj-113,4691,kmeans_greedy,6923.9127,31.278678189963102,145,True
cvrp-0-rj-114,4497,kmeans_greedy,6807.3746,29.86194282420911,139,True
cvrp-0-rj-116,3886,qrp_sweep,5504.5465,24.663305955938995,132,True
cvrp-0-rj-96,4234,qrp_sweep,5669.1817,26.60978579404764,144,True
cvrp-0-rj-95,3486,qrp_sweep,5018.3739,22.111781926825643,121,True
cvrp-0-rj-115,4571,qrp_sweep,6209.1823,28.607119282940403,152,True
cvrp-0-rj-105,4643,qrp_sweep,6042.2739,28.579302839003503,152,True
cvrp-0-rj-103,4666,qrp_sweep,6305.1024,30.341694806003943,157,True
cvrp-0-rj-102,3725,qrp_sweep,5102.7003,22.893375026993454,124,True
cvrp-0-rj-97,3601,qrp_sweep,5041.191,23.006865953095257,123,True
cvrp-0-rj-93,4359,qrp_sweep,5929.8339,27.50586997414939,143,True
cvrp-0-rj-94,4046,qrp_sweep,5575.5071,25.709579155081883,138,True
cvrp-0-rj-111,4428,qrp_sweep,6122.365,27.266763143008575,147,True
cvrp-0-rj-107,3718,qrp_sweep,5224.4533,23.272919463925064,125,True
cvrp-0-rj-100,4223,qrp_sweep,5734.5349,26.425925482995808,141,True
cvrp-0-rj-108,3872,qrp_sweep,5508.5827,24.363897633971646,132,True
cvrp-0-rj-106,4211,qrp_sweep,5756.657,26.830771032953635,140,True
cvrp-0-rj-90,4273,qrp_sweep,5853.4836,27.36855528014712,143,True
cvrp-0-rj-92,4436,qrp_sweep,6258.1254,28.335263608954847,149,True
cvrp-0-rj-99,4642,qrp_sweep,6222.5664,30.600251734023914,156,True
cvrp-0-rj-117,4486,qrp_sweep,6036.3763,27.861818288918585,150,True
cvrp-0-rj-104,3440,qrp_sweep,4905.382,21.695134765002877,118,True
cvrp-0-rj-118,4617,qrp_sweep,6355.8607,29.538002663990483,159,True
cvrp-0-rj-98,4350,qrp_sweep,6076.2515,27.241486357990652,148,True
cvrp-0-rj-109,4005,qrp_sweep,5333.5138,25.020499204983935,133,True
cvrp-0-rj-119,4126,qrp_sweep,5694.4666,25.92379984096624,140,True
cvrp-0-rj-101,3564,qrp_sweep,4984.0163,22.38727398379706,121,True
cvrp-0-rj-112,4179,qrp_sweep,5667.1808,26.30316408118233,141,True
cvrp-0-rj-91,4493,qrp_sweep,6186.6357,124.36165257100947,153,True
cvrp-0-rj-110,3641,qrp_sweep,5034.8849,22.993762077996507,125,True
cvrp-0-rj-113,4691,qrp_sweep,6366.4289,29.441902616992593,156,True
cvrp-0-rj-114,4497,qrp_sweep,6139.6157,28.242619963129982,149,True
cvrp-1-rj-99,8411,kmeans_greedy,13362.9424,55.65245925192721,258,True
cvrp-1-rj-115,8212,kmeans_greedy,13215.9484,54.16503102798015,253,True
cvrp-1-rj-110,6561,kmeans_greedy,10938.1957,43.54062783299014,202,True
cvrp-1-rj-116,7224,kmeans_greedy,11692.5141,47.56362546607852,222,True
cvrp-1-rj-108,7047,kmeans_greedy,11509.9654,100.91892199590802,219,True
cvrp-1-rj-101,6433,kmeans_greedy,10545.478,42.100408668862656,200,True
cvrp-1-rj-119,7365,kmeans_greedy,11939.8786,48.67728757299483,230,True
cvrp-1-rj-113,8196,kmeans_greedy,13014.231,54.77574078110047,253,True
cvrp-1-rj-98,8018,kmeans_greedy,12859.3172,52.838972370140254,247,True
cvrp-1-rj-100,7441,kmeans_greedy,11873.505,48.68591083702631,232,True
cvrp-1-rj-97,6438,kmeans_greedy,10554.3666,134.0415775270667,200,True
cvrp-1-rj-112,7551,kmeans_greedy,11999.5839,50.105259272037074,232,True
cvrp-1-rj-111,7811,kmeans_greedy,12572.1512,52.04020914598368,242,True
cvrp-1-rj-103,8412,kmeans_greedy,13266.4823,55.69964212505147,261,True
cvrp-1-rj-114,7863,kmeans_greedy,12690.304,52.06129514006898,240,True
cvrp-1-rj-93,7829,kmeans_greedy,12563.2812,51.941399617120624,242,True
cvrp-1-rj-102,6774,kmeans_greedy,10768.6379,44.494553060038015,207,True
cvrp-1-rj-107,6752,kmeans_greedy,11092.3764,43.84537638002075,209,True
cvrp-1-rj-106,7689,kmeans_greedy,12210.9155,50.424973614979535,240,True
cvrp-1-rj-104,6287,kmeans_greedy,10429.2203,41.21523196995258,196,True
cvrp-1-rj-94,7142,kmeans_greedy,11432.4645,46.66113196499646,220,True
cvrp-1-rj-118,8254,kmeans_greedy,12867.0463,54.32460514479317,254,True
cvrp-1-rj-109,7300,kmeans_greedy,11990.8182,142.1049835968297,225,True
cvrp-1-rj-95,6288,kmeans_greedy,10357.412,41.43443050701171,194,True
cvrp-1-rj-90,7534,kmeans_greedy,11855.3835,49.63652851595543,231,True
cvrp-1-rj-105,8389,kmeans_greedy,13049.3507,55.21515151183121,258,True
cvrp-1-rj-117,8245,kmeans_greedy,12887.6627,54.833848683862016,256,True
cvrp-1-rj-92,7971,kmeans_greedy,12615.4521,53.16376622300595,245,True
cvrp-1-rj-96,7499,kmeans_greedy,11895.9446,49.33499687816948,230,True
cvrp-1-rj-91,7999,kmeans_greedy,12588.8575,52.574043795932084,246,True
cvrp-1-rj-99,8411,qrp_sweep,12185.0653,53.654157024109736,272,True
cvrp-1-rj-115,8212,qrp_sweep,11942.7521,50.57260642782785,265,True
cvrp-1-rj-110,6561,qrp_sweep,9734.3478,40.828162412159145,213,True
cvrp-1-rj-116,7224,qrp_sweep,10415.5257,44.21394106093794,230,True
cvrp-1-rj-108,7047,qrp_sweep,10316.0147,43.39570565614849,228,True
cvrp-1-rj-101,6433,qrp_sweep,9533.3191,39.64626988302916,210,True
cvrp-1-rj-119,7365,qrp_sweep,10860.1466,45.309379641897976,239,True
cvrp-1-rj-113,8196,qrp_sweep,11828.7818,50.38252366310917,264,True
cvrp-1-rj-98,8018,qrp_sweep,11568.8941,48.80409884895198,254,True
cvrp-1-rj-100,7441,qrp_sweep,10853.7438,127.91479235305451,244,True
cvrp-1-rj-97,6438,qrp_sweep,9570.1653,39.80867061787285,213,True
cvrp-1-rj-112,7551,qrp_sweep,10965.2644,46.34893848281354,243,True
cvrp-1-rj-111,7811,qrp_sweep,11346.118,48.257618790026754,254,True
cvrp-1-rj-103,8412,qrp_sweep,11853.5639,51.9624186179135,270,True
cvrp-1-rj-114,7863,qrp_sweep,11582.6156,47.997351319063455,251,True
cvrp-1-rj-93,7829,qrp_sweep,11385.3934,151.7089498480782,254,True
cvrp-1-rj-102,6774,qrp_sweep,10062.4166,42.42013677605428,222,True
cvrp-1-rj-107,6752,qrp_sweep,9852.8204,42.00882847211324,220,True
cvrp-1-rj-106,7689,qrp_sweep,11054.3095,47.36068432498723,250,True
cvrp-1-rj-104,6287,qrp_sweep,9432.7332,39.28169353795238,209,True
cvrp-1-rj-94,7142,qrp_sweep,10497.513,44.18129901611246,231,True
cvrp-1-rj-118,8254,qrp_sweep,11942.435,51.01906557404436,270,True
cvrp-1-rj-109,7300,qrp_sweep,10703.3966,45.035549751948565,236,True
cvrp-1-rj-95,6288,qrp_sweep,9331.3332,38.77445297013037,206,True
cvrp-1-rj-90,7534,qrp_sweep,10867.9637,47.673596190987155,241,True
cvrp-1-rj-105,8389,qrp_sweep,11948.8803,51.72221203800291,268,True
cvrp-1-rj-117,8245,qrp_sweep,11767.7587,50.8903801550623,268,True
cvrp-1-rj-92,7971,qrp_sweep,11399.5004,48.934292410034686,257,True
cvrp-1-rj-96,7499,qrp_sweep,10760.0042,46.286175596062094,242,True
cvrp-1-rj-91,7999,qrp_sweep,11503.345,49.49315632903017,257,True
cvrp-2-rj-112,2236,kmeans_greedy,3567.5584,14.587616217788309,69,True
cvrp-2-rj-111,2222,kmeans_greedy,3668.0907,14.203251190017909,70,True
cvrp-2-rj-102,1951,kmeans_greedy,3321.3561,12.670705328928307,62,True
cvrp-2-rj-113,2300,kmeans_greedy,3671.2658,15.11373106809333,71,True
cvrp-2-rj-106,2220,kmeans_greedy,3618.8881,14.4202772739809,68,True
cvrp-2-rj-118,2386,kmeans_greedy,3726.1244,15.420081924181432,73,True
cvrp-2-rj-105,2368,kmeans_greedy,3771.9522,15.498137410962954,73,True
cvrp-2-rj-103,2417,kmeans_greedy,3936.1913,15.726085822097957,76,True
cvrp-2-rj-94,2114,kmeans_greedy,3369.2197,13.527759309858084,64,True
cvrp-2-rj-98,2291,kmeans_greedy,3612.4835,14.691312257898971,70,True
cvrp-2-rj-97,1809,kmeans_greedy,2948.8474,11.623907282948494,56,True
cvrp-2-rj-117,2361,kmeans_greedy,3725.8787,15.260026310104877,73,True
cvrp-2-rj-99,2396,kmeans_greedy,3915.0641,15.566793927922845,75,True
cvrp-2-rj-104,1880,kmeans_greedy,2998.9039,11.75897718500346,58,True
cvrp-2-rj-107,1971,kmeans_greedy,3146.6575,12.579013664042577,60,True
cvrp-2-rj-110,1903,kmeans_greedy,3116.2017,12.100244969828054,58,True
cvrp-2-rj-108,1966,kmeans_greedy,3154.6728,12.971280554076657,61,True
cvrp-2-rj-92,2438,kmeans_greedy,3871.7226,15.878373602870852,74,True
cvrp-2-rj-115,2343,kmeans_greedy,3799.2866,15.067048638826236,72,True
cvrp-2-rj-101,1905,kmeans_greedy,3184.5908,12.1727526539471,60,True
cvrp-2-rj-100,2146,kmeans_greedy,3471.085,13.771741478005424,66,True
cvrp-2-rj-96,2160,kmeans_greedy,3577.2181,13.924076657975093,67,True
cvrp-2-rj-109,2028,kmeans_greedy,3321.7098,13.024117618100718,64,True
cvrp-2-rj-116,2125,kmeans_greedy,3420.5625,13.66855321219191,67,True
cvrp-2-rj-91,2288,kmeans_greedy,3564.0873,15.762841389048845,72,True
cvrp-2-rj-95,1764,kmeans_greedy,2939.0276,11.767748431069776,54,True
cvrp-2-rj-119,2219,kmeans_greedy,3554.3033,14.652862149989232,70,True
cvrp-2-rj-114,2313,kmeans_greedy,3709.8586,15.17061103018932,72,True
cvrp-2-rj-93,2333,kmeans_greedy,3727.0913,15.261914957081899,72,True
cvrp-2-rj-90,2197,kmeans_greedy,3600.416,13.880544365849346,68,True
cvrp-2-rj-112,2236,qrp_sweep,3071.7486,13.785274896072224,78,True
cvrp-2-rj-111,2222,qrp_sweep,3271.001,14.477190766949207,84,True
cvrp-2-rj-102,1951,qrp_sweep,2964.846,12.67821839894168,73,True
cvrp-2-rj-113,2300,qrp_sweep,3252.0182,14.351765505969524,80,True
cvrp-2-rj-106,2220,qrp_sweep,3144.747,14.212002284824848,80,True
cvrp-2-rj-118,2386,qrp_sweep,3323.1225,15.002966108964756,84,True
cvrp-2-rj-105,2368,qrp_sweep,3295.3919,15.22178216301836,84,True
cvrp-2-rj-103,2417,qrp_sweep,3472.1393,15.692335470812395,87,True
cvrp-2-rj-94,2114,qrp_sweep,2848.4408,12.93593842512928,72,True
cvrp-2-rj-98,2291,qrp_sweep,3126.803,14.462575408862904,80,True
cvrp-2-rj-97,1809,qrp_sweep,2690.1152,11.794126072898507,68,True
cvrp-2-rj-117,2361,qrp_sweep,3145.1271,14.758554970147088,81,True
cvrp-2-rj-99,2396,qrp_sweep,3381.5815,15.426832838915288,87,True
cvrp-2-rj-104,1880,qrp_sweep,2757.4521,12.09434497100301,70,True
cvrp-2-rj-107,1971,qrp_sweep,2842.1323,12.770793336909264,73,True
cvrp-2-rj-110,1903,qrp_sweep,2723.7066,12.247416405938566,70,True
cvrp-2-rj-108,1966,qrp_sweep,2881.9896,12.791946053970605,73,True
cvrp-2-rj-92,2438,qrp_sweep,3366.6581,15.419803582131863,85,True
cvrp-2-rj-115,2343,qrp_sweep,3375.1825,14.595811497885734,83,True
cvrp-2-rj-101,1905,qrp_sweep,2946.7322,12.710096970200539,75,True
cvrp-2-rj-100,2146,qrp_sweep,2970.7202,13.552561938064173,77,True
cvrp-2-rj-96,2160,qrp_sweep,3175.9449,89.99886569590308,79,True
cvrp-2-rj-109,2028,qrp_sweep,2920.1247,12.734129603020847,72,True
cvrp-2-rj-116,2125,qrp_sweep,2977.9496,13.26901255780831,75,True
cvrp-2-rj-91,2288,qrp_sweep,3246.8864,14.582396378973499,84,True
cvrp-2-rj-95,1764,qrp_sweep,2597.6479,11.482444850960746,65,True
cvrp-2-rj-119,2219,qrp_sweep,3199.4288,14.256501419935375,83,True
cvrp-2-rj-114,2313,qrp_sweep,3174.474,14.50162909203209,81,True
cvrp-2-rj-93,2333,qrp_sweep,3279.6097,14.685547390021384,82,True
cvrp-2-rj-90,2197,qrp_sweep,3143.4283,13.870606207055971,80,True
cvrp-3-rj-90,5858,kmeans_greedy,3568.5856,40.13065460207872,182,True
cvrp-3-rj-102,5185,kmeans_greedy,3205.4081,35.0513690430671,159,True
cvrp-3-rj-109,5462,kmeans_greedy,3329.2292,36.96266246098094,168,True
cvrp-3-rj-105,6557,kmeans_greedy,4032.1584,63.90368450107053,202,True
cvrp-3-rj-97,4984,kmeans_greedy,3059.1318,33.62680100905709,153,True
cvrp-3-rj-96,5886,kmeans_greedy,3587.5232,40.34801234002225,181,True
cvrp-3-rj-112,5768,kmeans_greedy,3505.1016,38.845101631945,177,True
cvrp-3-rj-110,5087,kmeans_greedy,3129.3602,35.616303944028914,157,True
cvrp-3-rj-117,6360,kmeans_greedy,3856.221,43.86818500701338,197,True
cvrp-3-rj-113,6512,kmeans_greedy,3971.4353,44.231900681043044,201,True
cvrp-3-rj-92,6085,kmeans_greedy,3646.5526,41.118724565953016,184,True
cvrp-3-rj-98,6105,kmeans_greedy,3698.9372,41.246781741967425,188,True
cvrp-3-rj-107,5269,kmeans_greedy,3307.4741,35.944377006962895,164,True
cvrp-3-rj-99,6397,kmeans_greedy,3868.6336,43.69647443899885,196,True
cvrp-3-rj-91,5924,kmeans_greedy,3518.6401,39.5410306181293,184,True
cvrp-3-rj-100,5857,kmeans_greedy,3612.1662,39.37116711400449,179,True
cvrp-3-rj-116,5454,kmeans_greedy,3390.646,36.66374311409891,169,True
cvrp-3-rj-104,4941,kmeans_greedy,3041.0817,33.3685235879384,152,True
cvrp-3-rj-111,6109,kmeans_greedy,3722.5083,78.81028080591932,189,True
cvrp-3-rj-108,5365,kmeans_greedy,3315.1533,36.25859639700502,165,True
cvrp-3-rj-114,6249,kmeans_greedy,3877.6421,42.574056705925614,195,True
cvrp-3-rj-95,4821,kmeans_greedy,3037.1372,32.53890011180192,151,True
cvrp-3-rj-118,6270,kmeans_greedy,3804.9832,43.316449461039156,194,True
cvrp-3-rj-115,6314,kmeans_greedy,3874.904,42.97409270587377,196,True
cvrp-3-rj-119,5610,kmeans_greedy,3426.2044,37.88646335504018,171,True
cvrp-3-rj-103,6538,kmeans_greedy,3924.7171,44.88550838897936,201,True
cvrp-3-rj-93,6263,kmeans_greedy,3804.0262,42.2219993469771,191,True
cvrp-3-rj-101,4951,kmeans_greedy,3107.1493,33.63808446493931,152,True
cvrp-3-rj-106,5887,kmeans_greedy,3676.4781,40.10168011998758,182,True
cvrp-3-rj-94,5565,kmeans_greedy,3415.0488,37.371315244119614,171,True
cvrp-3-rj-90,5858,qrp_sweep,3264.0357,37.16430590697564,193,True
cvrp-3-rj-102,5185,qrp_sweep,2865.0422,32.975767750060186,168,True
cvrp-3-rj-109,5462,qrp_sweep,3024.6216,35.163943277904764,178,True
cvrp-3-rj-105,6557,qrp_sweep,3655.5753,66.71758963004686,213,True
cvrp-3-rj-97,4984,qrp_sweep,2813.0749,31.861115889856592,165,True
cvrp-3-rj-96,5886,qrp_sweep,3260.8118,37.548960498999804,191,True
cvrp-3-rj-112,5768,qrp_sweep,3181.4854,36.918655317043886,190,True
cvrp-3-rj-110,5087,qrp_sweep,2825.3835,33.044122508959845,169,True
cvrp-3-rj-117,6360,qrp_sweep,3460.092,39.97320802509785,206,True
cvrp-3-rj-113,6512,qrp_sweep,3560.3895,41.5996784940362,212,True
cvrp-3-rj-92,6085,qrp_sweep,3297.1356,38.59297725977376,196,True
cvrp-3-rj-98,6105,qrp_sweep,3380.6606,38.60652183089405,198,True
cvrp-3-rj-107,5269,qrp_sweep,2962.0082,33.96697348286398,176,True
cvrp-3-rj-99,6397,qrp_sweep,3454.674,61.344237212790176,208,True
cvrp-3-rj-91,5924,qrp_sweep,3250.5513,37.64150961092673,194,True
cvrp-3-rj-100,5857,qrp_sweep,3279.739,37.74307410302572,192,True
cvrp-3-rj-116,5454,qrp_sweep,3075.2733,35.03034948394634,179,True
cvrp-3-rj-104,4941,qrp_sweep,2758.0295,73.73662751493976,162,True
cvrp-3-rj-111,6109,qrp_sweep,3417.4527,39.13455477193929,201,True
cvrp-3-rj-108,5365,qrp_sweep,3001.4187,34.16275888402015,175,True
cvrp-3-rj-114,6249,qrp_sweep,3505.2837,39.71024927916005,206,True
cvrp-3-rj-95,4821,qrp_sweep,2749.7272,30.71974368696101,162,True
cvrp-3-rj-118,6270,qrp_sweep,3392.231,40.138341785175726,203,True
cvrp-3-rj-115,6314,qrp_sweep,3514.1302,61.42078448086977,203,True
cvrp-3-rj-119,5610,qrp_sweep,3063.2906,35.769177484093234,182,True
cvrp-3-rj-103,6538,qrp_sweep,3554.2793,41.176623987965286,210,True
cvrp-3-rj-93,6263,qrp_sweep,3415.8815,40.493310648947954,205,True
cvrp-3-rj-101,4951,qrp_sweep,2826.5659,32.5535850150045,163,True
cvrp-3-rj-106,5887,qrp_sweep,3338.5993,37.07418632903136,195,True
cvrp-3-rj-94,5565,qrp_sweep,3081.9743,35.686671500094235,185,True
cvrp-4-rj-99,6306,kmeans_greedy,6145.1143,44.75256672198884,195,True
cvrp-4-rj-113,6319,kmeans_greedy,6236.3701,43.294386378955096,195,True
cvrp-4-rj-111,5885,kmeans_greedy,5989.2873,40.21386083797552,183,True
cvrp-4-rj-92,6002,kmeans_greedy,5910.6677,40.914409707067534,183,True
cvrp-4-rj-97,4919,kmeans_greedy,5046.2956,33.41428896901198,151,True
cvrp-4-rj-91,5969,kmeans_greedy,5863.1946,72.5410352179315,183,True
cvrp-4-rj-118,6195,kmeans_greedy,6182.46,42.38078301609494,192,True
cvrp-4-rj-119,5571,kmeans_greedy,5621.1653,37.861044929828495,169,True
cvrp-4-rj-102,5273,kmeans_greedy,5203.3148,35.723336735973135,161,True
cvrp-4-rj-108,5239,kmeans_greedy,5251.4953,35.69504002388567,160,True
cvrp-4-rj-94,5470,kmeans_greedy,5596.2816,54.3367978350725,169,True
cvrp-4-rj-96,5583,kmeans_greedy,5507.9261,38.21476621297188,171,True
cvrp-4-rj-95,4646,kmeans_greedy,4859.1203,31.47839812003076,142,True
cvrp-4-rj-93,6047,kmeans_greedy,5949.6171,41.099634010810405,185,True
cvrp-4-rj-110,4832,kmeans_greedy,4859.6822,32.97579122101888,148,True
cvrp-4-rj-115,6161,kmeans_greedy,6232.3749,51.03129442408681,189,True
cvrp-4-rj-114,6067,kmeans_greedy,5915.3628,41.34613828314468,185,True
cvrp-4-rj-90,5694,kmeans_greedy,5685.5826,38.755351529922336,174,True
cvrp-4-rj-109,5323,kmeans_greedy,5467.7645,36.41562838898972,164,True
cvrp-4-rj-107,5040,kmeans_greedy,5051.1079,34.965815912000835,155,True
cvrp-4-rj-106,5946,kmeans_greedy,5875.8993,40.384746466064826,184,True
cvrp-4-rj-105,6084,kmeans_greedy,5967.0387,41.44529593503103,186,True
cvrp-4-rj-116,5403,kmeans_greedy,5491.5174,36.81330684199929,167,True
cvrp-4-rj-104,4762,kmeans_greedy,4957.6025,32.51762468088418,146,True
cvrp-4-rj-117,6264,kmeans_greedy,6151.9822,43.00846876320429,193,True
cvrp-4-rj-100,5692,kmeans_greedy,5734.5185,38.71427891799249,174,True
cvrp-4-rj-98,6026,kmeans_greedy,5891.4798,41.68866141582839,186,True
cvrp-4-rj-101,4912,kmeans_greedy,5056.8235,33.410313074011356,150,True
cvrp-4-rj-103,6371,kmeans_greedy,6401.3241,44.5189287471585,195,True
cvrp-4-rj-112,5744,kmeans_greedy,5647.2975,39.14306052797474,178,True
cvrp-4-rj-99,6306,qrp_sweep,5605.4126,40.92231730394997,208,True
cvrp-4-rj-113,6319,qrp_sweep,5688.2479,40.142519993009046,204,True
cvrp-4-rj-111,5885,qrp_sweep,5547.7537,37.810367501107976,194,True
cvrp-4-rj-92,6002,qrp_sweep,5460.6663,40.34351569903083,196,True
cvrp-4-rj-97,4919,qrp_sweep,4671.7732,32.13348200987093,162,True
cvrp-4-rj-91,5969,qrp_sweep,5482.5247,38.337298210011795,194,True
cvrp-4-rj-118,6195,qrp_sweep,5619.7938,39.87155249202624,204,True
cvrp-4-rj-119,5571,qrp_sweep,5151.8679,36.64571269508451,182,True
cvrp-4-rj-102,5273,qrp_sweep,4762.1743,34.21819028095342,173,True
cvrp-4-rj-108,5239,qrp_sweep,4714.7438,33.69017962785438,171,True
cvrp-4-rj-94,5470,qrp_sweep,5191.6161,35.22522015310824,180,True
cvrp-4-rj-96,5583,qrp_sweep,5034.4442,35.737959349062294,182,True
cvrp-4-rj-95,4646,qrp_sweep,4424.929,30.994480166118592,152,True
cvrp-4-rj-93,6047,qrp_sweep,5462.0723,39.024168787989765,195,True
cvrp-4-rj-110,4832,qrp_sweep,4491.1292,31.633966771885753,161,True
cvrp-4-rj-115,6161,qrp_sweep,5659.2591,39.5927418700885,200,True
cvrp-4-rj-114,6067,qrp_sweep,5573.3055,39.882555986056104,194,True
cvrp-4-rj-90,5694,qrp_sweep,5175.2324,36.676923904102296,185,True
cvrp-4-rj-109,5323,qrp_sweep,5007.0927,34.81727147102356,176,True
cvrp-4-rj-107,5040,qrp_sweep,4705.8922,32.71243337308988,168,True
cvrp-4-rj-106,5946,qrp_sweep,5397.1838,38.22768293693662,195,True
cvrp-4-rj-105,6084,qrp_sweep,5453.6067,39.39322130801156,194,True
cvrp-4-rj-116,5403,qrp_sweep,5035.51,35.61656771716662,178,True
cvrp-4-rj-104,4762,qrp_sweep,4501.2202,30.710547269089147,157,True
cvrp-4-rj-117,6264,qrp_sweep,5613.5424,40.10354792396538,204,True
cvrp-4-rj-100,5692,qrp_sweep,5183.1456,36.51510640583001,183,True
cvrp-4-rj-98,6026,qrp_sweep,5356.2534,57.37386677809991,197,True
cvrp-4-rj-101,4912,qrp_sweep,4668.999,32.04552610497922,162,True
cvrp-4-rj-103,6371,qrp_sweep,5846.959,41.18784592184238,205,True
cvrp-4-rj-112,5744,qrp_sweep,5192.4258,36.945209813071415,190,True
cvrp-5-rj-101,3544,kmeans_greedy,4430.2044,23.893880164949223,110,True
cvrp-5-rj-103,4526,kmeans_greedy,5471.8992,31.420534699922428,139,True
cvrp-5-rj-118,4510,kmeans_greedy,5474.5808,30.100576706929132,139,True
cvrp-5-rj-94,3946,kmeans_greedy,4906.6062,26.350430011050776,121,True
cvrp-5-rj-113,4455,kmeans_greedy,5268.3235,29.848745618015528,137,True
cvrp-5-rj-92,4373,kmeans_greedy,5319.7655,29.396433338988572,136,True
cvrp-5-rj-105,4346,kmeans_greedy,5334.2323,28.854763239854947,133,True
cvrp-5-rj-111,4240,kmeans_greedy,5144.9445,28.55705801397562,131,True
cvrp-5-rj-102,3685,kmeans_greedy,4674.7694,24.603460345882922,115,True
cvrp-5-rj-115,4497,kmeans_greedy,5488.0581,30.555509576108307,140,True
cvrp-5-rj-90,4076,kmeans_greedy,4976.5371,27.52129969908856,127,True
cvrp-5-rj-104,3561,kmeans_greedy,4419.0952,23.930790225975215,109,True
cvrp-5-rj-114,4260,kmeans_greedy,5105.5248,28.828971744980663,132,True
cvrp-5-rj-96,4041,kmeans_greedy,5017.2055,27.353432544041425,125,True
cvrp-5-rj-100,4036,kmeans_greedy,4824.673,27.158012279774994,122,True
cvrp-5-rj-112,3991,kmeans_greedy,4927.2271,27.633908974938095,125,True
cvrp-5-rj-107,3695,kmeans_greedy,4461.3496,24.773632016032934,113,True
cvrp-5-rj-98,4261,kmeans_greedy,5196.0709,28.55713565996848,131,True
cvrp-5-rj-93,4192,kmeans_greedy,5088.7128,28.080612252932042,129,True
cvrp-5-rj-109,3895,kmeans_greedy,4838.4014,26.47894542501308,120,True
cvrp-5-rj-116,3863,kmeans_greedy,4779.973,26.022896602051333,120,True
cvrp-5-rj-108,3703,kmeans_greedy,4727.3805,24.991398205049336,115,True
cvrp-5-rj-99,4416,kmeans_greedy,5435.4176,29.983593174023554,137,True
cvrp-5-rj-110,3511,kmeans_greedy,4371.3267,23.346365408971906,108,True
cvrp-5-rj-117,4417,kmeans_greedy,5348.8086,30.76063524489291,139,True
cvrp-5-rj-106,4143,kmeans_greedy,5140.6518,28.886336298892274,129,True
cvrp-5-rj-91,4354,kmeans_greedy,5194.4105,29.68216016399674,132,True
cvrp-5-rj-95,3403,kmeans_greedy,4313.0479,22.52701541199349,105,True
cvrp-5-rj-97,3502,kmeans_greedy,4437.11,23.41388124693185,108,True
cvrp-5-rj-119,4055,kmeans_greedy,4882.936,27.406263342127204,125,True
cvrp-5-rj-101,3544,qrp_sweep,3865.0401,23.16525447112508,124,True
cvrp-5-rj-103,4526,qrp_sweep,4684.5834,67.39620683598332,149,True
cvrp-5-rj-118,4510,qrp_sweep,4764.1347,28.631761310156435,152,True
cvrp-5-rj-94,3946,qrp_sweep,4230.7896,25.27812542580068,134,True
cvrp-5-rj-113,4455,qrp_sweep,4672.7936,28.870915939100087,150,True
cvrp-5-rj-92,4373,qrp_sweep,4606.4738,28.055223698960617,149,True
cvrp-5-rj-105,4346,qrp_sweep,4586.9813,28.188827849226072,146,True
cvrp-5-rj-111,4240,qrp_sweep,4534.8998,28.681036272086203,145,True
cvrp-5-rj-102,3685,qrp_sweep,4066.9172,24.115994435036555,126,True
cvrp-5-rj-115,4497,qrp_sweep,4723.8784,28.529779294971377,153,True
cvrp-5-rj-90,4076,qrp_sweep,4358.4231,26.229184138821438,138,True
cvrp-5-rj-104,3561,qrp_sweep,3901.0187,22.812827934976667,120,True
cvrp-5-rj-114,4260,qrp_sweep,4556.3302,27.521774797001854,144,True
cvrp-5-rj-96,4041,qrp_sweep,4355.1438,26.19831166486256,138,True
cvrp-5-rj-100,4036,qrp_sweep,4250.4269,26.033578674076125,136,True
cvrp-5-rj-112,3991,qrp_sweep,4339.5271,25.497616447042674,136,True
cvrp-5-rj-107,3695,qrp_sweep,3998.6269,23.904568020952865,123,True
cvrp-5-rj-98,4261,qrp_sweep,4449.3047,55.62415706785396,141,True
cvrp-5-rj-93,4192,qrp_sweep,4446.836,27.111500850878656,141,True
cvrp-5-rj-109,3895,qrp_sweep,4165.5564,25.171114929951727,131,True
cvrp-5-rj-116,3863,qrp_sweep,4207.8152,25.13078575208783,133,True
cvrp-5-rj-108,3703,qrp_sweep,3998.5939,23.454698118846864,123,True
cvrp-5-rj-99,4416,qrp_sweep,4614.7282,28.40769028593786,146,True
cvrp-5-rj-110,3511,qrp_sweep,3873.5787,22.88266309699975,120,True
cvrp-5-rj-117,4417,qrp_sweep,4702.159,28.328766281018034,151,True
cvrp-5-rj-106,4143,qrp_sweep,4517.8127,27.227590876165777,143,True
cvrp-5-rj-91,4354,qrp_sweep,4570.9616,28.081038312986493,144,True
cvrp-5-rj-95,3403,qrp_sweep,3813.513,22.784440065035596,119,True
cvrp-5-rj-97,3502,qrp_sweep,3849.2949,22.747553098015487,119,True
cvrp-5-rj-119,4055,qrp_sweep,4262.1976,26.13785226107575,135,True
